{"bboxes": [[573.0191650390625, 486.89532470703125, 636.1475219726562, 550.20947265625], [791.3007202148438, 368.52984619140625, 869.7276611328125, 446.76519775390625], [471.5231018066406, 612.5289306640625, 524.098876953125, 665.8197021484375], [948.451416015625, 869.4242553710938, 998.8560180664062, 922.3386840820312], [401.1392822265625, 762.4730224609375, 454.5117492675781, 814.8828735351562], [549.3394775390625, 677.7008056640625, 601.00830078125, 730.3623657226562], [617.5142211914062, 544.6832885742188, 650.5983276367188, 577.457275390625], [397.5631408691406, 406.1468811035156, 479.3987731933594, 486.3277893066406], [603.0674438476562, -3.9038569927215576, 714.8320922851562, 102.90119934082031], [851.9678955078125, 735.6104736328125, 931.8311157226562, 818.0868530273438], [454.23114013671875, 165.7544403076172, 544.5531616210938, 255.8225860595703], [344.17559814453125, 650.5191650390625, 421.9256896972656, 732.2090454101562], [863.7136840820312, 743.4977416992188, 912.929931640625, 791.49365234375], [867.3717041015625, 741.1956176757812, 890.0206909179688, 762.273193359375], [723.4342041015625, 191.6444549560547, 794.8713989257812, 263.059326171875]], "labels": [0, 0, 0, 0, 0, 0, 0, 0, 0, 0, 0, 0, 0, 0, 0], "scores": [0.9092965126037598, 0.8980342149734497, 0.8948537707328796, 0.8824427127838135, 0.8812259435653687, 0.86789870262146, 0.8107023239135742, 0.22586661577224731, 0.06125418096780777, 0.05811659246683121, 0.018178362399339676, 0.011675822548568249, 0.01141132228076458, 0.010376591235399246, 0.01025486085563898]}