{"bboxes": [[283.052978515625, 256.96051025390625, 342.70635986328125, 317.7552795410156], [252.07260131835938, 167.7695770263672, 306.56207275390625, 224.79278564453125], [184.2206573486328, 190.776123046875, 239.74810791015625, 249.0030517578125], [352.94708251953125, 102.87408447265625, 436.7076721191406, 188.9224090576172], [403.67742919921875, 211.82162475585938, 458.01361083984375, 267.79296875], [344.7072448730469, 240.2481689453125, 402.5105285644531, 297.6496276855469], [495.41583251953125, 64.90477752685547, 545.6923217773438, 123.55549621582031], [185.1694793701172, 54.608802795410156, 241.66224670410156, 111.22586822509766], [427.5068359375, 67.78788757324219, 478.8751525878906, 124.6183853149414], [157.97579956054688, 303.5304870605469, 214.84149169921875, 359.77117919921875], [-0.05072593688964844, -0.03276824951171875, 57.6366081237793, 83.61575317382812], [-0.07557392120361328, 319.69500732421875, 20.915987014770508, 389.25885009765625], [0.20841538906097412, 316.73089599609375, 15.6675386428833, 382.2476501464844]], "labels": [0, 0, 0, 0, 0, 0, 0, 0, 0, 0, 0, 0, 0], "scores": [0.9025843143463135, 0.8959199786186218, 0.8931012153625488, 0.8913317918777466, 0.8878358006477356, 0.8874918222427368, 0.8859812617301941, 0.8857199549674988, 0.8826510310173035, 0.8664528131484985, 0.8515363335609436, 0.11403892189264297, 0.06404741108417511]}