{"bboxes": [[631.3155517578125, 369.4124450683594, 724.7225952148438, 461.6639709472656], [157.10800170898438, 445.8952331542969, 232.57518005371094, 522.6443481445312], [-0.6027889251708984, 420.6683654785156, 63.756004333496094, 488.92169189453125], [70.56163024902344, 425.51861572265625, 149.31358337402344, 508.4854431152344], [155.72715759277344, 137.53480529785156, 232.38375854492188, 215.30661010742188], [231.2267608642578, 454.1470642089844, 308.9345397949219, 532.744140625], [596.7184448242188, 164.96168518066406, 729.5541381835938, 296.5799865722656], [376.5495910644531, 488.22265625, 458.1275939941406, 569.6104125976562], [454.1280822753906, 503.0514831542969, 531.7636108398438, 581.6527099609375], [5.373330116271973, 7.350201606750488, 73.89842224121094, 77.66725158691406]], "labels": [0, 0, 0, 0, 0, 0, 0, 0, 0, 0], "scores": [0.9171494841575623, 0.9131417274475098, 0.908166229724884, 0.9073076248168945, 0.9028995633125305, 0.8993956446647644, 0.8977535963058472, 0.8871996402740479, 0.8789258599281311, 0.011241204105317593]}