{"bboxes": [[635.9868774414062, -0.2946436405181885, 764.3628540039062, 111.04248046875], [123.90718841552734, 785.2728271484375, 282.773681640625, 938.7716674804688], [442.884033203125, 894.3302612304688, 585.2460327148438, 999.40625], [161.506103515625, 712.7918701171875, 254.0487060546875, 806.775390625], [736.2222900390625, 634.989990234375, 847.7119750976562, 749.1981201171875], [893.9006958007812, 740.5098876953125, 998.0656127929688, 888.382080078125], [261.397705078125, 420.17498779296875, 416.3899841308594, 579.8885498046875], [862.0048828125, 219.14315795898438, 1001.4576416015625, 366.5604248046875], [384.76068115234375, 368.02838134765625, 552.7777709960938, 537.9821166992188], [981.8717041015625, 205.77952575683594, 1002.10009765625, 277.3536071777344], [590.3336181640625, 0.1516006886959076, 725.6981811523438, 19.340604782104492], [368.0473327636719, 391.1986999511719, 437.3930969238281, 445.29779052734375], [981.6008911132812, 585.3488159179688, 1001.6429443359375, 698.4686889648438], [978.1258544921875, 199.0954132080078, 1000.0081176757812, 286.0352783203125], [605.4756469726562, -0.24142824113368988, 710.374755859375, 11.17224407196045], [972.8441162109375, 582.7021484375, 1000.1190185546875, 704.462646484375], [587.23046875, -0.132095068693161, 693.210693359375, 12.401039123535156]], "labels": [0, 0, 0, 0, 0, 0, 0, 0, 0, 0, 0, 0, 0, 0, 0, 0, 0], "scores": [0.9176366925239563, 0.9114859700202942, 0.9045410752296448, 0.901528537273407, 0.8979515433311462, 0.8897461295127869, 0.8881815671920776, 0.8729614019393921, 0.848397433757782, 0.03642966225743294, 0.02241016924381256, 0.02098131738603115, 0.0207179244607687, 0.01735101081430912, 0.016363296657800674, 0.01273075956851244, 0.010496154427528381]}