{"bboxes": [[527.6510009765625, 819.1923217773438, 626.2612915039062, 914.3827514648438], [521.35595703125, 757.34228515625, 585.3164672851562, 828.576416015625], [685.4971313476562, 961.1033935546875, 734.044189453125, 999.283935546875], [516.1710815429688, 894.3875732421875, 618.7752685546875, 973.90625]], "labels": [0, 0, 0, 0], "scores": [0.9291054606437683, 0.8418689966201782, 0.7821646928787231, 0.7606686949729919]}