{"bboxes": [[790.6466064453125, 369.1897277832031, 867.7662963867188, 445.3251953125], [470.9246826171875, 612.7108764648438, 524.0274658203125, 667.3775634765625], [573.24755859375, 486.62054443359375, 636.1760864257812, 550.1423950195312], [401.1079406738281, 759.91796875, 456.1548767089844, 814.0792846679688], [550.9778442382812, 678.7142944335938, 599.4276123046875, 728.0637817382812], [949.7631225585938, 871.0093994140625, 998.1596069335938, 919.6734619140625], [618.97119140625, 545.1690673828125, 649.4811401367188, 577.4346313476562]], "labels": [0, 0, 0, 0, 0, 0, 0], "scores": [0.9163272380828857, 0.9059571027755737, 0.902901828289032, 0.8950461149215698, 0.8852447271347046, 0.881222665309906, 0.8198256492614746]}