{"bboxes": [[-0.10353803634643555, 0.05028724670410156, 60.23221969604492, 85.64834594726562], [353.2081604003906, 99.03388977050781, 438.268798828125, 187.83189392089844], [185.46815490722656, 53.381961822509766, 241.73265075683594, 110.48946380615234], [282.7870178222656, 257.1492919921875, 342.5664367675781, 317.3377380371094], [183.88929748535156, 189.08250427246094, 241.35049438476562, 249.0658416748047], [346.1178283691406, 239.6987762451172, 402.0712585449219, 296.1161804199219], [155.66346740722656, 304.5171813964844, 212.97906494140625, 360.0426330566406], [252.2457733154297, 167.2000732421875, 308.0474548339844, 223.07763671875], [403.56768798828125, 210.60916137695312, 457.40435791015625, 266.8693542480469], [493.9950866699219, 64.24065399169922, 545.150390625, 122.75855255126953], [426.2568664550781, 67.36763000488281, 479.70855712890625, 125.64000701904297], [231.7919464111328, -0.015839338302612305, 300.2427673339844, 11.193668365478516], [227.8301544189453, -0.31688153743743896, 304.6462097167969, 15.649995803833008], [-0.08934974670410156, 334.06036376953125, 18.522340774536133, 393.53277587890625], [240.49057006835938, 0.008099973201751709, 308.70880126953125, 8.31289291381836]], "labels": [0, 0, 0, 0, 0, 0, 0, 0, 0, 0, 0, 0, 0, 0, 0], "scores": [0.9267613887786865, 0.918080747127533, 0.9059342741966248, 0.9055923223495483, 0.8974930644035339, 0.8952826857566833, 0.8947078585624695, 0.8946001529693604, 0.8934116959571838, 0.8865821957588196, 0.8864574432373047, 0.14448599517345428, 0.01354664284735918, 0.012138253077864647, 0.010815571993589401]}