{"bboxes": [[517.514892578125, 2.130633592605591, 707.5752563476562, 173.08950805664062], [293.281494140625, 135.1918182373047, 487.2749328613281, 306.60211181640625], [494.8019714355469, 340.53948974609375, 714.979736328125, 535.3087768554688], [410.0911560058594, 239.8588409423828, 601.9318237304688, 411.1996765136719], [67.62630462646484, 516.0360717773438, 167.47201538085938, 583.9569091796875], [523.203857421875, 546.3609008789062, 654.0809936523438, 650.2429809570312], [172.00917053222656, 0.5306631326675415, 372.16473388671875, 91.6615982055664], [929.0784301757812, -0.286315381526947, 999.0420532226562, 26.057708740234375], [-0.13808757066726685, 57.67321014404297, 11.515320777893066, 161.53953552246094], [907.0977172851562, -0.43055862188339233, 1000.4078979492188, 32.89057540893555], [939.339111328125, 0.4167303442955017, 998.9384155273438, 34.61392593383789], [-0.3289327025413513, 18.0811824798584, 21.389354705810547, 168.4824981689453], [-0.08323043584823608, -3.1627893447875977, 25.418724060058594, 145.83018493652344], [-0.13398826122283936, -3.0578196048736572, 14.98398494720459, 87.9936752319336]], "labels": [0, 0, 0, 0, 0, 0, 0, 0, 0, 0, 0, 0, 0, 0], "scores": [0.9510836005210876, 0.9483033418655396, 0.9462333917617798, 0.946002721786499, 0.9148544073104858, 0.914319634437561, 0.5068085789680481, 0.037324417382478714, 0.020155344158411026, 0.018270500004291534, 0.014511443674564362, 0.011821649968624115, 0.011783916503190994, 0.010606984607875347]}