{"bboxes": [[595.1937866210938, 166.62982177734375, 730.6814575195312, 295.21002197265625], [633.806640625, 371.2074890136719, 722.6614379882812, 458.73870849609375], [156.00765991210938, 135.28585815429688, 231.30088806152344, 212.26686096191406], [70.04653930664062, 423.7075500488281, 150.42898559570312, 508.638427734375], [-0.12482166290283203, 423.4134521484375, 64.3336410522461, 488.6586608886719], [155.89674377441406, 443.5167236328125, 233.46231079101562, 521.32958984375], [375.9750671386719, 487.2005920410156, 458.47882080078125, 568.7880859375], [231.59127807617188, 454.11785888671875, 309.0281677246094, 530.1131591796875], [454.369873046875, 504.4183654785156, 529.877685546875, 580.2791137695312]], "labels": [0, 0, 0, 0, 0, 0, 0, 0, 0], "scores": [0.9398893713951111, 0.9319812059402466, 0.9267467260360718, 0.9260406494140625, 0.9247965216636658, 0.9246053099632263, 0.9189058542251587, 0.9103142619132996, 0.908683717250824]}