{"bboxes": [[705.9840087890625, 934.3549194335938, 820.3281860351562, 999.47314453125], [275.42633056640625, 169.51670837402344, 363.81658935546875, 234.7339630126953], [42.84375, 143.21636962890625, 131.3384552001953, 209.077880859375], [164.564453125, 165.95668029785156, 246.84083557128906, 233.7413330078125], [408.040771484375, 173.16473388671875, 497.1340637207031, 240.94796752929688], [737.1934814453125, 335.6147766113281, 828.771484375, 404.3829650878906], [693.6760864257812, 673.7574462890625, 786.4984741210938, 747.5994262695312], [927.05615234375, 316.1181640625, 1000.5433959960938, 379.6325378417969], [739.0177612304688, 574.4714965820312, 830.0172119140625, 643.2730102539062], [740.1241455078125, 422.74432373046875, 821.9805908203125, 487.30828857421875], [739.6879272460938, 181.77467346191406, 823.7916870117188, 247.306640625], [-0.1710783690214157, 263.595947265625, 12.41383171081543, 328.6830749511719]], "labels": [0, 0, 0, 0, 0, 0, 0, 0, 0, 0, 0, 0], "scores": [0.9114659428596497, 0.9094951748847961, 0.9079028367996216, 0.9076138734817505, 0.9041048288345337, 0.9019681811332703, 0.9006813764572144, 0.9005936980247498, 0.8950104117393494, 0.8889721035957336, 0.8869551420211792, 0.01371897291392088]}