{"bboxes": [[440.0657653808594, 887.6962890625, 589.216064453125, 999.8907470703125], [863.5263671875, 221.28070068359375, 1000.4812622070312, 360.49273681640625], [636.5469360351562, -0.516045093536377, 764.39990234375, 110.47348022460938], [258.324462890625, 415.3011474609375, 420.57586669921875, 581.6473388671875], [891.649169921875, 733.6061401367188, 1000.2642822265625, 888.6033935546875], [157.48989868164062, 707.4402465820312, 260.2015686035156, 809.9801025390625], [116.82933807373047, 779.2968139648438, 293.9039306640625, 943.10107421875], [391.6777648925781, 378.67279052734375, 545.7100830078125, 528.8699951171875], [732.9779663085938, 630.7478637695312, 849.8724975585938, 751.3028564453125], [358.734130859375, 391.9166564941406, 448.1610412597656, 452.423095703125]], "labels": [0, 0, 0, 0, 0, 0, 0, 0, 0, 0], "scores": [0.907049834728241, 0.9014421701431274, 0.882691502571106, 0.882647693157196, 0.8602407574653625, 0.8570748567581177, 0.8569928407669067, 0.8426002860069275, 0.8367618322372437, 0.06001214683055878]}