{"bboxes": [[526.9718017578125, 817.8427124023438, 626.966796875, 915.2393798828125], [522.1115112304688, 756.2357177734375, 583.4147338867188, 826.9578247070312], [523.5149536132812, 887.8609008789062, 617.5336303710938, 973.7034301757812], [680.2667846679688, 960.6903076171875, 736.9335327148438, 999.7896118164062], [685.339111328125, -0.5026742815971375, 743.5454711914062, 47.440093994140625], [877.1978759765625, 943.8652954101562, 898.9649047851562, 964.8850708007812], [793.6614990234375, 647.4028930664062, 980.9566650390625, 822.9420166015625], [717.059326171875, -1.1866883039474487, 792.8527221679688, 48.82878112792969], [797.4275512695312, 653.1157836914062, 944.8251953125, 798.0113525390625], [881.8160400390625, 934.6481323242188, 905.4175415039062, 958.7730712890625], [890.9287719726562, 923.4954223632812, 915.901123046875, 947.0023193359375], [929.9368286132812, 377.8955078125, 999.5742797851562, 475.48968505859375], [974.4450073242188, 283.7287902832031, 999.4873046875, 325.29693603515625], [908.61083984375, 371.62469482421875, 924.7636108398438, 387.83917236328125], [934.0428466796875, 185.82789611816406, 992.1538696289062, 244.01129150390625], [542.8688354492188, 842.2125244140625, 566.4217529296875, 864.753173828125], [893.7153930664062, 384.5050964355469, 907.6659545898438, 398.8868713378906], [927.50830078125, 390.6214294433594, 965.5238647460938, 429.61328125]], "labels": [0, 0, 0, 0, 0, 0, 0, 0, 0, 0, 0, 0, 0, 0, 0, 0, 0, 0], "scores": [0.9010800719261169, 0.875500500202179, 0.8060879111289978, 0.7304546236991882, 0.08208509534597397, 0.06888100504875183, 0.04949745908379555, 0.04355976730585098, 0.03568148612976074, 0.030316103249788284, 0.029988227412104607, 0.022102050483226776, 0.017460165545344353, 0.013285727240145206, 0.01239289902150631, 0.01120698545128107, 0.010447231121361256, 0.010418581776320934]}