{"bboxes": [[515.5803833007812, -1.7526447772979736, 710.3125610351562, 175.1188507080078], [496.143310546875, 344.46575927734375, 712.9791870117188, 534.806640625], [411.57232666015625, 241.3400421142578, 602.894287109375, 413.07373046875], [293.29791259765625, 130.6205291748047, 488.7796936035156, 309.4925842285156], [523.8352661132812, 546.6630859375, 653.1591796875, 656.4946899414062], [74.70317077636719, 519.6688232421875, 166.42520141601562, 583.2288208007812], [177.998779296875, -0.15687346458435059, 368.65081787109375, 92.76416015625], [431.96148681640625, 924.5057983398438, 464.0806884765625, 955.7945556640625]], "labels": [0, 0, 0, 0, 0, 0, 0, 0], "scores": [0.9327446818351746, 0.9250409007072449, 0.9221204519271851, 0.9205278754234314, 0.9158013463020325, 0.8733168244361877, 0.8247241377830505, 0.09256905317306519]}