{"bboxes": [[741.7645874023438, 423.9104309082031, 818.956298828125, 487.00152587890625], [739.0809326171875, 576.61474609375, 827.545166015625, 644.1948852539062], [735.9910888671875, 336.4140319824219, 825.4431762695312, 406.0008239746094], [707.5178833007812, 936.1849975585938, 817.614501953125, 999.9537963867188], [740.9713745117188, 182.6144561767578, 821.5233154296875, 246.61605834960938], [694.8182983398438, 676.9391479492188, 782.5260620117188, 747.3092041015625], [930.8375854492188, 314.3888244628906, 1000.2659912109375, 383.07513427734375], [410.3046875, 171.96507263183594, 495.74017333984375, 242.24563598632812], [274.28662109375, 166.0168914794922, 363.4955749511719, 239.3424835205078], [164.1153106689453, 165.30897521972656, 244.2983856201172, 236.4929656982422], [44.64970779418945, 142.84628295898438, 127.1877212524414, 213.10775756835938], [680.9589233398438, 867.1189575195312, 734.2081909179688, 907.2431030273438], [281.8847961425781, 743.32177734375, 345.0215759277344, 804.56640625]], "labels": [0, 0, 0, 0, 0, 0, 0, 0, 0, 0, 0, 0, 0], "scores": [0.9168758988380432, 0.9133908748626709, 0.9112071990966797, 0.9052702784538269, 0.9022682309150696, 0.900696337223053, 0.8954005241394043, 0.8901801705360413, 0.8757601380348206, 0.8685595989227295, 0.864237368106842, 0.018796013668179512, 0.010565526783466339]}